Display Name	Registry Name	Display Version	Registry Time	Install Date	Installed For	Install Location	Publisher	Uninstall String	Change Install String	Quiet Uninstall String	Comments	About URL	Update Info URL	Help Link	Install Source	Installer Name	Release Type	Display Icon Path	MSI Filename	Estimated Size	Attributes	Language	Parent Key Name	Registry Key
McAfee LiveSafe - Internet Security	MSC	12.8.414	27.12.2017 9:05:43		All Users (32-Bit)	C:\Program Files\McAfee	McAfee, Inc.	C:\Program Files\McAfee\MSC\mcuihost.exe /body:misp://MSCJsRes.dll::uninstall.html /id:uninstall										C:\PROGRA~1\McAfee\MSC\\mscinres.dll						HKEY_LOCAL_MACHINE\Software\Wow6432Node\Microsoft\Windows\CurrentVersion\Uninstall\MSC	
TeamViewer 11	TeamViewer	11.0.59518	30.05.17 03:04		All Users (32-Bit)	C:\Program Files (x86)\TeamViewer	TeamViewer	C:\Program Files (x86)\TeamViewer\uninstall.exe						http://www.teamviewer.com				C:\Program Files (x86)\TeamViewer\TeamViewer.exe			No Modify, No Repair			HKEY_LOCAL_MACHINE\Software\Wow6432Node\Microsoft\Windows\CurrentVersion\Uninstall\TeamViewer

Веселая ферма 2	Веселая ферма 2	1.0.0.0	27.12.2017 9:05:43		All Users (32-Bit)	C:\Program Files (x86)\My Hp Games\My Games\5447	Alawar Entertainment Inc.	C:\Program Files (x86)\My Hp Games\My Games\5447\Uninstall.exe										C:\Program Files (x86)\My Hp Games\My Games\5447\farm2.exe			No Modify, No Repair			HKEY_LOCAL_MACHINE\Software\Wow6432Node\Microsoft\Windows\CurrentVersion\Uninstall\Веселая ферма 2	
Веселая ферма 3	Веселая ферма 3	1.0.0.0	27.12.2017 9:05:43		All Users (32-Bit)	C:\Program Files (x86)\My Hp Games\My Games\5279	Alawar Entertainment Inc.	C:\Program Files (x86)\My Hp Games\My Games\5279\Uninstall.exe										C:\Program Files (x86)\My Hp Games\My Games\5279\FarmFrenzy3.exe			No Modify, No Repair			HKEY_LOCAL_MACHINE\Software\Wow6432Node\Microsoft\Windows\CurrentVersion\Uninstall\Веселая ферма 3	
Герои Эллады 2. Олимпия	Герои Эллады 2. Олимпия	1.0.0.0	27.12.2017 9:05:43		All Users (32-Bit)	C:\Program Files (x86)\My Hp Games\My Games\5185	Alawar Entertainment Inc.	C:\Program Files (x86)\My Hp Games\My Games\5185\Uninstall.exe										C:\Program Files (x86)\My Hp Games\My Games\5185\hoh2.exe			No Modify, No Repair			HKEY_LOCAL_MACHINE\Software\Wow6432Node\Microsoft\Windows\CurrentVersion\Uninstall\Герои Эллады 2. Олимпия	
Магическая энциклопедия. Лунный свет	Магическая энциклопедия. Лунный свет	1.0.0.0	27.12.2017 9:05:43		All Users (32-Bit)	C:\Program Files (x86)\My Hp Games\My Games\5273	Alawar Entertainment Inc.	C:\Program Files (x86)\My Hp Games\My Games\5273\Uninstall.exe										C:\Program Files (x86)\My Hp Games\My Games\5273\magic2.exe			No Modify, No Repair			HKEY_LOCAL_MACHINE\Software\Wow6432Node\Microsoft\Windows\CurrentVersion\Uninstall\Магическая энциклопедия. Лунный свет	
Магнат курортов	Магнат курортов	1.0.0.0	27.12.2017 9:05:43		All Users (32-Bit)	C:\Program Files (x86)\My Hp Games\My Games\5173	Alawar Entertainment Inc.	C:\Program Files (x86)\My Hp Games\My Games\5173\Uninstall.exe										C:\Program Files (x86)\My Hp Games\My Games\5173\VacationMogul.exe			No Modify, No Repair			HKEY_LOCAL_MACHINE\Software\Wow6432Node\Microsoft\Windows\CurrentVersion\Uninstall\Магнат курортов	
Масяня в полной Африке	Масяня в полной Африке	1.0.0.0	27.12.2017 9:05:43		All Users (32-Bit)	C:\Program Files (x86)\My Hp Games\My Games\6011	Alawar Entertainment Inc.	C:\Program Files (x86)\My Hp Games\My Games\6011\Uninstall.exe										C:\Program Files (x86)\My Hp Games\My Games\6011\MasyanyasAfricanAdventures.exe			No Modify, No Repair			HKEY_LOCAL_MACHINE\Software\Wow6432Node\Microsoft\Windows\CurrentVersion\Uninstall\Масяня в полной Африке	
Натали Брукс. Тайны одноклассников	Натали Брукс. Тайны одноклассников	1.0.0.0	27.12.2017 9:05:43		All Users (32-Bit)	C:\Program Files (x86)\My Hp Games\My Games\5354	Alawar Entertainment Inc.	C:\Program Files (x86)\My Hp Games\My Games\5354\Uninstall.exe										C:\Program Files (x86)\My Hp Games\My Games\5354\NatalieBrooksMysteryAtHillcrestHigh.exe			No Modify, No Repair			HKEY_LOCAL_MACHINE\Software\Wow6432Node\Microsoft\Windows\CurrentVersion\Uninstall\Натали Брукс. Тайны одноклассников	
Сага о вампире. Добро пожаловать в Hell Lock	Сага о вампире. Добро пожаловать в Hell Lock	1.0.0.0	27.12.2017 9:05:43		All Users (32-Bit)	C:\Program Files (x86)\My Hp Games\My Games\5109	Alawar Entertainment Inc.	C:\Program Files (x86)\My Hp Games\My Games\5109\Uninstall.exe										C:\Program Files (x86)\My Hp Games\My Games\5109\vshl.exe			No Modify, No Repair			HKEY_LOCAL_MACHINE\Software\Wow6432Node\Microsoft\Windows\CurrentVersion\Uninstall\Сага о вампире. Добро пожаловать в Hell Lock	
Сокровища Монтесумы 3	Сокровища Монтесумы 3	1.0.0.0	27.12.2017 9:05:43		All Users (32-Bit)	C:\Program Files (x86)\My Hp Games\My Games\5089	Alawar Entertainment Inc.	C:\Program Files (x86)\My Hp Games\My Games\5089\Uninstall.exe										C:\Program Files (x86)\My Hp Games\My Games\5089\TreasuresOfMontezuma3.exe			No Modify, No Repair			HKEY_LOCAL_MACHINE\Software\Wow6432Node\Microsoft\Windows\CurrentVersion\Uninstall\Сокровища Монтесумы 3	
Мои HP Игры	My HP Games	1.0.0.0	27.12.2017 9:05:43		All Users (32-Bit)	C:\Program Files (x86)\My Hp Games	Alawar Entertainment	C:\Program Files (x86)\My Hp Games\Uninstall.exe										C:\Program Files (x86)\My Hp Games\game.ico						HKEY_LOCAL_MACHINE\Software\Wow6432Node\Microsoft\Windows\CurrentVersion\Uninstall\My HP Games	

Energy Star	{465CA2B6-98AF-4E77-BE22-A908C34BB9EC}	1.0.9	05.09.2018 19:43:25	05.09.2018	All Users (64-Bit)	c:\Program Files\Hewlett-Packard\Energy Star\	Hewlett-Packard Company	MsiExec.exe /I{465CA2B6-98AF-4E77-BE22-A908C34BB9EC}	MsiExec.exe /I{465CA2B6-98AF-4E77-BE22-A908C34BB9EC}	msiexec.exe /x {465CA2B6-98AF-4E77-BE22-A908C34BB9EC} /qn		http://www.hp.com			c:\SWSetup\APP\Applications\HP\EnergySta_66MAB2\1.00\src\	Windows Installer				3 478 KB	Windows Installer	en-US		HKEY_LOCAL_MACHINE\Software\Microsoft\Windows\CurrentVersion\Uninstall\{465CA2B6-98AF-4E77-BE22-A908C34BB9EC}	
Energy Star	{FC0ADA4D-8FA5-4452-8AFF-F0A0BAC97EF7}	1.0.9	28.01.2014 17:49:02	28.01.2014	All Users (32-Bit)	C:\Program Files (x86)\Hewlett-Packard\Energy Star\	Hewlett-Packard Company	MsiExec.exe /I{FC0ADA4D-8FA5-4452-8AFF-F0A0BAC97EF7}	MsiExec.exe /I{FC0ADA4D-8FA5-4452-8AFF-F0A0BAC97EF7}	msiexec.exe /x {FC0ADA4D-8FA5-4452-8AFF-F0A0BAC97EF7} /qn		http://www.hp.com			C:\SWSetup\EngyStar\	Windows Installer				5 699 KB	Windows Installer	en-US		HKEY_LOCAL_MACHINE\Software\Wow6432Node\Microsoft\Windows\CurrentVersion\Uninstall\{FC0ADA4D-8FA5-4452-8AFF-F0A0BAC97EF7}	
HP Audio Switch	{BC852AA8-58F6-4F07-ACB1-7377E52CA4F3}	1.0.150.0	20.03.2017 3:33:25	20.03.2017	All Users (32-Bit)		HP Inc.	MsiExec.exe /I{BC852AA8-58F6-4F07-ACB1-7377E52CA4F3}	MsiExec.exe /I{BC852AA8-58F6-4F07-ACB1-7377E52CA4F3}	msiexec.exe /x {BC852AA8-58F6-4F07-ACB1-7377E52CA4F3} /qn					c:\SWSetup\APP\Applications\HP\HPAudioSw_PPL3B2\1.0.150.0\src\	Windows Installer				9�449 KB	Windows Installer	en-US		HKEY_LOCAL_MACHINE\Software\Wow6432Node\Microsoft\Windows\CurrentVersion\Uninstall\{BC852AA8-58F6-4F07-ACB1-7377E52CA4F3}
HP Connected Music (Meridian - installer)	StartHPConnectedMusic	1.0	27.12.2017 9:05:43		All Users (32-Bit)	C:\Program Files (x86)\HPConnectedMusic	Meridian Audio Ltd	"C:\Program Files (x86)\HPConnectedMusic\Uninstall.exe"				http://hpsupport.meridian-audio.com		http://hp.meridian-audio.com/hp/site/faq-en.php				C:\Program Files (x86)\HPConnectedMusic\icon.ico		608 KB	No Modify, No Repair			HKEY_LOCAL_MACHINE\Software\Wow6432Node\Microsoft\Windows\CurrentVersion\Uninstall\StartHPConnectedMusic	
HP Documentation	{D82B396E-A647-4C81-9DA4-C61F7BB620EC}	1.1.0.0	28.01.2014 18:06:22	28.01.2014	All Users (32-Bit)	C:\Program Files (x86)\Hewlett-Packard\Documentation\	Hewlett-Packard	MsiExec.exe /X{D82B396E-A647-4C81-9DA4-C61F7BB620EC}	MsiExec.exe /X{D82B396E-A647-4C81-9DA4-C61F7BB620EC}	msiexec.exe /x {D82B396E-A647-4C81-9DA4-C61F7BB620EC} /qn	This installer database contains the logic and data required to install HP Documentation.				C:\SWSetup\HDocKP15\	Windows Installer				220 114 KB	No Modify, Windows Installer	en-US		HKEY_LOCAL_MACHINE\Software\Wow6432Node\Microsoft\Windows\CurrentVersion\Uninstall\{D82B396E-A647-4C81-9DA4-C61F7BB620EC}	
HP Documentation	HP_Documentation		05.09.2018 20:21:07		All Users (64-Bit)		HP	CMD /C "C:\Program Files\HP\Documentation\Doc_Uninstall.cmd"													No Modify, No Repair			HKEY_LOCAL_MACHINE\Software\Microsoft\Windows\CurrentVersion\Uninstall\HP_Documentation	
HP Documentation	HP_Documentation	1.0.0.1	22.06.2017 8:15:21		All Users (64-Bit)	C:\Program Files\HP\Documentation\elements	HP Inc.	CMD /C "C:\Program Files\HP\Documentation\Doc_Uninstall.cmd"										C:\Program Files\HP\Documentation\elements\hp.ico			No Modify, No Repair			HKEY_LOCAL_MACHINE\Software\Microsoft\Windows\CurrentVersion\Uninstall\HP_Documentation
HP ePrint SW	{5f8ec28f-ae40-408e-b950-1da32237e007}	5.3.21679	22.06.2017 8:15:22		All Users (32-Bit)	C:\ProgramData\Package Cache\{5f8ec28f-ae40-408e-b950-1da32237e007}	HP Inc.	"C:\ProgramData\Package Cache\{5f8ec28f-ae40-408e-b950-1da32237e007}\HPEPrintAppSetup.exe"  /uninstall		"C:\ProgramData\Package Cache\{5f8ec28f-ae40-408e-b950-1da32237e007}\HPEPrintAppSetup.exe" /uninstall /quiet						Windows Installer		C:\ProgramData\Package Cache\{5f8ec28f-ae40-408e-b950-1da32237e007}\HPEPrintAppSetup.exe		63�536 KB	No Modify			HKEY_LOCAL_MACHINE\Software\Wow6432Node\Microsoft\Windows\CurrentVersion\Uninstall\{5f8ec28f-ae40-408e-b950-1da32237e007}
HP JumpStart Apps	HP JumpStart Apps	7.0.21	22.06.2017 8:15:22		All Users (32-Bit)	C:\Program Files (x86)\HP\HP JumpStart Apps	HP Inc.	C:\Program Files (x86)\HP\HP JumpStart Apps\uninstall.exe										C:\Program Files (x86)\HP\HP JumpStart Apps\uninstall.exe		125�206 KB	No Modify, No Repair			HKEY_LOCAL_MACHINE\Software\Wow6432Node\Microsoft\Windows\CurrentVersion\Uninstall\HP JumpStart Apps
HP JumpStart Bridge	{D95E43DC-3E04-4AF0-853E-46D832A473FE}	1.1.0.285	22.06.2017 7:38:09	22.06.2017	All Users (32-Bit)		HP Inc.	MsiExec.exe /I{D95E43DC-3E04-4AF0-853E-46D832A473FE}	MsiExec.exe /I{D95E43DC-3E04-4AF0-853E-46D832A473FE}	msiexec.exe /x {D95E43DC-3E04-4AF0-853E-46D832A473FE} /qn					c:\SWSetup\APP\Applications\HP\HPJumpSta_QQQMB2\1.2.283.0\src\	Windows Installer				8�713 KB	Windows Installer	en-US		HKEY_LOCAL_MACHINE\Software\Wow6432Node\Microsoft\Windows\CurrentVersion\Uninstall\{D95E43DC-3E04-4AF0-853E-46D832A473FE}
HP JumpStart Launch	{81CA40FD-E11B-4DC1-AE33-A71EB044B8B7}	1.1.275.0	22.06.2017 7:38:53	22.06.2017	All Users (32-Bit)		HP Inc.	MsiExec.exe /I{81CA40FD-E11B-4DC1-AE33-A71EB044B8B7}	MsiExec.exe /I{81CA40FD-E11B-4DC1-AE33-A71EB044B8B7}	msiexec.exe /x {81CA40FD-E11B-4DC1-AE33-A71EB044B8B7} /qn					c:\SWSetup\APP\Applications\HP\HPJumpSta_QQQMB2\1.2.283.0\src\	Windows Installer				433 KB	Windows Installer	en-US		HKEY_LOCAL_MACHINE\Software\Wow6432Node\Microsoft\Windows\CurrentVersion\Uninstall\{81CA40FD-E11B-4DC1-AE33-A71EB044B8B7}
HP Registration Service	{D1E8F2D7-7794-4245-B286-87ED86C1893C}	1.2.7127.4628	28.01.2014 18:11:30	28.01.2014	All Users (64-Bit)	C:\Program Files (x86)\Hewlett-Packard\HP Registration Service\	Hewlett-Packard	MsiExec.exe /X{D1E8F2D7-7794-4245-B286-87ED86C1893C}	MsiExec.exe /X{D1E8F2D7-7794-4245-B286-87ED86C1893C}	msiexec.exe /x {D1E8F2D7-7794-4245-B286-87ED86C1893C} /qn		http://www.Hewlett-Packard.com			C:\SwSetup\HPSIOB\src\64\	Windows Installer				30 886 KB	No Modify, No Repair, Windows Installer	en-US		HKEY_LOCAL_MACHINE\Software\Microsoft\Windows\CurrentVersion\Uninstall\{D1E8F2D7-7794-4245-B286-87ED86C1893C}	
HP SimplePass	InstallShield_{314FAD12-F785-4471-BCE8-AB506642B9A1}	8.00.57	27.12.2017 9:05:43	07.11.2013	All Users (32-Bit)	C:\Program Files\Hewlett-Packard\SimplePass\	Hewlett-Packard	"C:\Program Files (x86)\InstallShield Installation Information\{314FAD12-F785-4471-BCE8-AB506642B9A1}\setup.exe" -runfromtemp -l0x0419  -removeonly	"C:\Program Files (x86)\InstallShield Installation Information\{314FAD12-F785-4471-BCE8-AB506642B9A1}\setup.exe" -runfromtemp -l0x0419 		HP SimplePass	http://www.hp.com		http://www.hp.com	C:\SWSetup\HPSP\x64\			C:\windows\Installer\{314FAD12-F785-4471-BCE8-AB506642B9A1}\ARPPRODUCTICON.exe		34 688 KB	No Modify, No Repair			HKEY_LOCAL_MACHINE\Software\Wow6432Node\Microsoft\Windows\CurrentVersion\Uninstall\InstallShield_{314FAD12-F785-4471-BCE8-AB506642B9A1}	
HP Support Assistant	{3AF15EEA-8EDF-4393-BB6C-CF8A9986486A}	7.3.35.20	07.11.2013 14:59:15	07.11.2013	All Users (32-Bit)	C:\Program Files (x86)\Hewlett-Packard\HP Support Framework\	Hewlett-Packard Company	"C:\Program Files (x86)\InstallShield Installation Information\{3AF15EEA-8EDF-4393-BB6C-CF8A9986486A}\setup.exe" -runfromtemp -l0x0409  -removeonly	"C:\Program Files (x86)\InstallShield Installation Information\{3AF15EEA-8EDF-4393-BB6C-CF8A9986486A}\setup.exe" -runfromtemp -l0x0409 	msiexec.exe /x {3AF15EEA-8EDF-4393-BB6C-CF8A9986486A} /qn		http://www.hp.com			C:\ProgramData\{A5CCDB92-FA53-47D1-89E6-32B82D86621A}\	Windows Installer		C:\windows\Installer\{3AF15EEA-8EDF-4393-BB6C-CF8A9986486A}\ARPPRODUCTICON.exe		86 424 KB	No Modify, No Repair, Windows Installer	en-US		HKEY_LOCAL_MACHINE\Software\Wow6432Node\Microsoft\Windows\CurrentVersion\Uninstall\{3AF15EEA-8EDF-4393-BB6C-CF8A9986486A}	
HP Sure Connect	{6468C4A5-E47E-405F-B675-A70A70983EA6}	1.0.0.29	22.06.2017 8:15:22	20.03.2017	All Users (32-Bit)	C:\Program Files (x86)\HP Inc.\HP Sure Connect	HP Inc.	"C:\Program Files (x86)\InstallShield Installation Information\{6468C4A5-E47E-405F-B675-A70A70983EA6}\setup.exe" -runfromtemp -l0x0409  -removeonly	"C:\Program Files (x86)\InstallShield Installation Information\{6468C4A5-E47E-405F-B675-A70A70983EA6}\setup.exe" -runfromtemp -l0x0409 	msiexec.exe /x {6468C4A5-E47E-405F-B675-A70A70983EA6} /qn		http://www.hp.com			c:\SWSetup\APP\Applications\HP\HPSureCon_QQARB2\1.0.0.29\src\Setup.exe	Windows Installer		C:\Program Files\HPCommRecovery\HPCommRecovery.exe			No Modify, No Repair	en-US		HKEY_LOCAL_MACHINE\Software\Wow6432Node\Microsoft\Windows\CurrentVersion\Uninstall\{6468C4A5-E47E-405F-B675-A70A70983EA6}
HP System Event Utility	{29E20347-C62F-4657-938E-876A182B67F1}	1.4.14	20.03.2017 3:33:03	20.03.2017	All Users (32-Bit)		HP Inc.	MsiExec.exe /I{29E20347-C62F-4657-938E-876A182B67F1}	MsiExec.exe /I{29E20347-C62F-4657-938E-876A182B67F1}	msiexec.exe /x {29E20347-C62F-4657-938E-876A182B67F1} /qn		http://www.hp.com			c:\SWSetup\APP\Applications\HP\HPSystemE_NNBCB2\1.40\src\	Windows Installer				11�111 KB	Windows Installer	en-US		HKEY_LOCAL_MACHINE\Software\Wow6432Node\Microsoft\Windows\CurrentVersion\Uninstall\{29E20347-C62F-4657-938E-876A182B67F1}
HP System Event Utility	{C78E8F51-3EAD-4F0C-83F0-EF371075E0B4}	1.0.10	07.11.2013 14:34:12	07.11.2013	All Users (32-Bit)		Hewlett-Packard Company	MsiExec.exe /I{C78E8F51-3EAD-4F0C-83F0-EF371075E0B4}	MsiExec.exe /I{C78E8F51-3EAD-4F0C-83F0-EF371075E0B4}	msiexec.exe /x {C78E8F51-3EAD-4F0C-83F0-EF371075E0B4} /qn		http://www.hp.com			C:\SwSetup\HPSEU\	Windows Installer				7 173 KB	Windows Installer	en-US		HKEY_LOCAL_MACHINE\Software\Wow6432Node\Microsoft\Windows\CurrentVersion\Uninstall\{C78E8F51-3EAD-4F0C-83F0-EF371075E0B4}	
HP System Event Utility	{D17A3B70-B75E-4C49-83D6-C17DDF65B35F}	1.3.4	08.09.2018 4:02:12	28.07.2015	All Users (32-Bit)		Hewlett-Packard Company	MsiExec.exe /I{D17A3B70-B75E-4C49-83D6-C17DDF65B35F}	MsiExec.exe /I{D17A3B70-B75E-4C49-83D6-C17DDF65B35F}	msiexec.exe /x {D17A3B70-B75E-4C49-83D6-C17DDF65B35F} /qn		http://www.hp.com			c:\SWSetup\APP\Applications\HP\HPSystemE_HH90B2\1.30\src\	Windows Installer				8 831 KB	Windows Installer	en-US		HKEY_LOCAL_MACHINE\Software\Wow6432Node\Microsoft\Windows\CurrentVersion\Uninstall\{D17A3B70-B75E-4C49-83D6-C17DDF65B35F}	
HP Welcome	HPWelcome	1.0	05.09.2018 20:21:07		All Users (64-Bit)	c:	Hewlett-Packard Company	c:\Program Files\Hewlett-Packard\HP Welcome\uninstall.bat										c:\Program Files\Hewlett-Packard\HP Welcome\Garage.Container.exe						HKEY_LOCAL_MACHINE\Software\Microsoft\Windows\CurrentVersion\Uninstall\HPWelcome	
HP Wireless Button Driver	{099DAD2B-56C5-4919-9F82-418C2A018CAE}	1.1.18.1	22.06.2017 7:41:21	22.06.2017	All Users (32-Bit)		HP	MsiExec.exe /X{099DAD2B-56C5-4919-9F82-418C2A018CAE}	MsiExec.exe /X{099DAD2B-56C5-4919-9F82-418C2A018CAE}	msiexec.exe /x {099DAD2B-56C5-4919-9F82-418C2A018CAE} /qn		http://www.hp.com			C:\ProgramData\HP\MsiCache\HP Wireless Button Driver\{205325AB-9A96-4DFD-91A7-D89FE671C62C}\	Windows Installer				2�046 KB	No Modify, No Repair, Windows Installer			HKEY_LOCAL_MACHINE\Software\Wow6432Node\Microsoft\Windows\CurrentVersion\Uninstall\{099DAD2B-56C5-4919-9F82-418C2A018CAE}
HP Support Assistant	{61EB474B-67A6-47F4-B1B7-386851BAB3D0}	8.0.29.6	05.09.2018 19:29:00	05.09.2018	All Users (32-Bit)	C:\Program Files (x86)\Hewlett-Packard\HP Support Framework\	Hewlett-Packard Company	"C:\Program Files (x86)\InstallShield Installation Information\{61EB474B-67A6-47F4-B1B7-386851BAB3D0}\setup.exe" -runfromtemp -l0x0409  -removeonly	"C:\Program Files (x86)\InstallShield Installation Information\{61EB474B-67A6-47F4-B1B7-386851BAB3D0}\setup.exe" -runfromtemp -l0x0409 	msiexec.exe /x {61EB474B-67A6-47F4-B1B7-386851BAB3D0} /qn		http://www.hp.com			C:\ProgramData\{C6FA530F-BB98-4D9F-BA00-45FD0698077C}\	Windows Installer		C:\Windows\Installer\{61EB474B-67A6-47F4-B1B7-386851BAB3D0}\ARPPRODUCTICON.exe		70 100 KB	No Modify, No Repair, Windows Installer	en-US		HKEY_LOCAL_MACHINE\Software\Wow6432Node\Microsoft\Windows\CurrentVersion\Uninstall\{61EB474B-67A6-47F4-B1B7-386851BAB3D0}	
HP Support Assistant	{4780AF24-213D-4187-86F2-0014A6D6077B}	8.3.50.9	20.03.2017 3:30:35	20.03.2017	All Users (32-Bit)	C:\Program Files (x86)\Hewlett-Packard\HP Support Framework\	HP Inc.	"C:\Program Files (x86)\InstallShield Installation Information\{4780AF24-213D-4187-86F2-0014A6D6077B}\setup.exe" -runfromtemp -l0x0409  -removeonly	"C:\Program Files (x86)\InstallShield Installation Information\{4780AF24-213D-4187-86F2-0014A6D6077B}\setup.exe" -runfromtemp -l0x0409 	msiexec.exe /x {4780AF24-213D-4187-86F2-0014A6D6077B} /qn		http://www.hp.com			C:\Users\ADMINI~1\AppData\Local\Temp\{7F1092C8-5DDC-48C0-A8C6-D4D6E5B3EC3D}\	Windows Installer		C:\windows\Installer\{4780AF24-213D-4187-86F2-0014A6D6077B}\ARPPRODUCTICON.exe		82�216 KB	No Modify, No Repair, Windows Installer	en-US		HKEY_LOCAL_MACHINE\Software\Wow6432Node\Microsoft\Windows\CurrentVersion\Uninstall\{4780AF24-213D-4187-86F2-0014A6D6077B}
HP Support Solutions Framework	{26AD00E1-71FD-466E-9F99-2D1141B97073}	12.5.32.203	20.03.2017 3:29:40	20.03.2017	All Users (32-Bit)		HP Inc.	MsiExec.exe /X{26AD00E1-71FD-466E-9F99-2D1141B97073}	MsiExec.exe /X{26AD00E1-71FD-466E-9F99-2D1141B97073}	msiexec.exe /x {26AD00E1-71FD-466E-9F99-2D1141B97073} /qn					C:\Users\Administrator\AppData\Local\Temp\	Windows Installer				7�568 KB	No Modify, No Repair, Windows Installer	ru-RU		HKEY_LOCAL_MACHINE\Software\Wow6432Node\Microsoft\Windows\CurrentVersion\Uninstall\{26AD00E1-71FD-466E-9F99-2D1141B97073}
HP Support Solutions Framework	{D4C428FE-0539-4003-B8FD-EAB0CF3BC125}	12.0.26.62	08.09.2018 4:02:12	07.09.2018	All Users (32-Bit)		Hewlett-Packard Company	MsiExec.exe /X{D4C428FE-0539-4003-B8FD-EAB0CF3BC125}	MsiExec.exe /X{D4C428FE-0539-4003-B8FD-EAB0CF3BC125}	msiexec.exe /x {D4C428FE-0539-4003-B8FD-EAB0CF3BC125} /qn					c:\SWSetup\APP\PreReq1\HP\HPSupport_GGXSB2\8.0.29.6\src\	Windows Installer				5 524 KB	No Modify, No Repair, Windows Installer	ru-RU		HKEY_LOCAL_MACHINE\Software\Wow6432Node\Microsoft\Windows\CurrentVersion\Uninstall\{D4C428FE-0539-4003-B8FD-EAB0CF3BC125}	
	{314FAD12-F785-4471-BCE8-AB506642B9A1}	8.00.57	27.12.2017 9:05:43		All Users (32-Bit)	C:\Program Files\Hewlett-Packard\SimplePass	Softex Inc.	msiexec.exe /x {314FAD12-F785-4471-BCE8-AB506642B9A1}		msiexec.exe /x {314FAD12-F785-4471-BCE8-AB506642B9A1} /qn				http://www.hp.com		Windows Installer		C:\Program Files\Hewlett-Packard\SimplePass\scureicn.ico		34 688 KB				HKEY_LOCAL_MACHINE\Software\Wow6432Node\Microsoft\Windows\CurrentVersion\Uninstall\{314FAD12-F785-4471-BCE8-AB506642B9A1}	

ASUS GIFTBOX	ASUS GIFTBOX	06.06.10	30.05.17 03:04		All Users (32-Bit)	C:\Program Files (x86)\ASUS\Giftbox	ASUSTek Computer Inc	C:\Program Files (x86)\ASUS\Giftbox\uninstall.exe										C:\Program Files (x86)\ASUS\Giftbox\uninstall.exe		78 217 KB	No Modify, No Repair			HKEY_LOCAL_MACHINE\Software\Wow6432Node\Microsoft\Windows\CurrentVersion\Uninstall\ASUS GIFTBOX
ASUS Live Update	{FA540E67-095C-4A1B-97BA-4D547DEC9AF4}	03.04.03	30.05.17 03:42	29.05.17	All Users (32-Bit)	C:\Program Files (x86)\ASUS\ASUS Live Update	ASUS	MsiExec.exe /X{FA540E67-095C-4A1B-97BA-4D547DEC9AF4}	MsiExec.exe /X{FA540E67-095C-4A1B-97BA-4D547DEC9AF4}	msiexec.exe /x {FA540E67-095C-4A1B-97BA-4D547DEC9AF4} /qn	An utility to support upgrading from net	http://www.asus.com/		http://support.asus.com/	C:\eSupport\eDriver\Software\ASUS\ASUS Live Update\3.4.3\2597\data_win8\	Windows Installer				5 996 KB	No Modify, No Repair, Windows Installer	en-US		HKEY_LOCAL_MACHINE\Software\Wow6432Node\Microsoft\Windows\CurrentVersion\Uninstall\{FA540E67-095C-4A1B-97BA-4D547DEC9AF4}

Lenovo EasyCamera	{E399A5B3-ED53-4DEA-AF04-8011E1EB1EAC}	6.3.9600.11103	21.12.2017 11:54:05		All Users (32-Bit)	C:\WINDOWS	Realtek Semiconductor Corp.	C:\WINDOWS\RtCamU64.exe /u /s		msiexec.exe /x {E399A5B3-ED53-4DEA-AF04-8011E1EB1EAC} /qn						Windows Installer		C:\WINDOWS\RtCamU64.exe						HKEY_LOCAL_MACHINE\Software\Wow6432Node\Microsoft\Windows\CurrentVersion\Uninstall\{E399A5B3-ED53-4DEA-AF04-8011E1EB1EAC}	
UserGuide	InstallShield_{F07C2CF8-4C53-4EC3-8162-A6221E36EB88}	1.0.0.9	21.12.2017 11:54:05	29.11.2013	All Users (32-Bit)	C:\Program Files (x86)\Lenovo\UserGuide\	Lenovo	"C:\Program Files (x86)\InstallShield Installation Information\{F07C2CF8-4C53-4EC3-8162-A6221E36EB88}\setup.exe" -runfromtemp -l0x0419  -removeonly	"C:\Program Files (x86)\InstallShield Installation Information\{F07C2CF8-4C53-4EC3-8162-A6221E36EB88}\setup.exe" -runfromtemp -l0x0419 			http://www.Lenovo.com			C:\SWTOOLS\Apps\E801UGWW\UGCT\			C:\WINDOWS\Installer\{F07C2CF8-4C53-4EC3-8162-A6221E36EB88}\ARPPRODUCTICON.exe		26 156 KB	No Repair			HKEY_LOCAL_MACHINE\Software\Wow6432Node\Microsoft\Windows\CurrentVersion\Uninstall\InstallShield_{F07C2CF8-4C53-4EC3-8162-A6221E36EB88}	
Lenovo App Explorer	Host App Service	0.273.2.343	04.03.2018 22:46:02		Default	%LOCALAPPDATA%\Host App Service	SweetLabs for Lenovo	"%LOCALAPPDATA%\Host App Service\Uninstall.exe"										%LOCALAPPDATA%\Host App Service\IconCache\persistent\Lenovo App Explorer.ico			No Modify, No Repair			HKEY_CURRENT_USER\Software\Microsoft\Windows\CurrentVersion\Uninstall\Host App Service	
Lenovo App Explorer	Host App Service	0.273.2.780	12.10.2018 19:08:30		Install	C:\Users\Install\AppData\Local\Host App Service	SweetLabs for Lenovo	"C:\Users\Install\AppData\Local\Host App Service\Uninstall.exe"										%LOCALAPPDATA%\Host App Service\IconCache\persistent\Lenovo App Explorer.ico			No Modify, No Repair			HKEY_CURRENT_USER\Software\Microsoft\Windows\CurrentVersion\Uninstall\Host App Service	

Dropbox 25 GB	{84D8451D-2ED6-3A59-ABA5-2A447F7C6310}	4.1.2.0	20.03.2017 3:34:21	20.03.2017	All Users (32-Bit)		Dropbox, Inc.	MsiExec.exe /I{84D8451D-2ED6-3A59-ABA5-2A447F7C6310}	MsiExec.exe /I{84D8451D-2ED6-3A59-ABA5-2A447F7C6310}	msiexec.exe /x {84D8451D-2ED6-3A59-ABA5-2A447F7C6310} /qn					C:\SWSetup\APP\Applications\DropBox\DropBox_PPUTB2\4.1.2.0\src\src\	Windows Installer				3�465 KB	Windows Installer	en-US		HKEY_LOCAL_MACHINE\Software\Wow6432Node\Microsoft\Windows\CurrentVersion\Uninstall\{84D8451D-2ED6-3A59-ABA5-2A447F7C6310}
Avast SecureLine	{2CD3C92F-EDC5-4B02-9B0A-9C1D37C58EF5}_is1	1.0.239.2	05.09.2018 20:21:07	05.09.2018	All Users (64-Bit)	C:\Program Files\AVAST Software\SecureLine\	AVAST Software	"C:\Program Files\AVAST Software\SecureLine\unins000.exe"		"C:\Program Files\AVAST Software\SecureLine\unins000.exe" /SILENT						Inno Setup		C:\Program Files\AVAST Software\SecureLine\SecureLine.exe		69 204 KB	No Modify, No Repair			HKEY_LOCAL_MACHINE\Software\Microsoft\Windows\CurrentVersion\Uninstall\{2CD3C92F-EDC5-4B02-9B0A-9C1D37C58EF5}_is1	

CyberLink YouCam	InstallShield_{01FB4998-33C4-4431-85ED-079E3EEFE75D}	5.0.2.3302	27.12.2017 9:05:43	28.01.2014	All Users (32-Bit)	C:\Program Files (x86)\CyberLink\YouCam	CyberLink Corp.	"C:\Program Files (x86)\InstallShield Installation Information\{01FB4998-33C4-4431-85ED-079E3EEFE75D}\Setup.exe" /z-uninstall				http://www.CyberLink.com		http://support.gocyberlink.com/	C:\SWSetup\YouCam\			C:\Windows\Installer\{01FB4998-33C4-4431-85ED-079E3EEFE75D}\ARPPRODUCTICON.exe		299 008 KB	No Modify, No Repair			HKEY_LOCAL_MACHINE\Software\Wow6432Node\Microsoft\Windows\CurrentVersion\Uninstall\InstallShield_{01FB4998-33C4-4431-85ED-079E3EEFE75D}	
CyberLink YouCam	{A9CEDD6E-4792-493e-BB35-D86D2E188A5A}	6.0.1.4301	05.09.2018 20:21:07		All Users (32-Bit)	C:\Program Files (x86)\CyberLink\YouCam6	CyberLink Corp.	C:\Program Files (x86)\NSIS Uninstall Information\{A9CEDD6E-4792-493e-BB35-D86D2E188A5A}\Setup.exe _?=C:\Program Files (x86)\NSIS Uninstall Information\{A9CEDD6E-4792-493e-BB35-D86D2E188A5A}		msiexec.exe /x {A9CEDD6E-4792-493e-BB35-D86D2E188A5A} /qn		http://www.cyberlink.com		http://www.cyberlink.com/support/index.html		Windows Installer		C:\Program Files (x86)\NSIS Uninstall Information\{A9CEDD6E-4792-493e-BB35-D86D2E188A5A}\Product.ico		542 720 KB				HKEY_LOCAL_MACHINE\Software\Wow6432Node\Microsoft\Windows\CurrentVersion\Uninstall\{A9CEDD6E-4792-493e-BB35-D86D2E188A5A}	
CyberLink Media Suite 10	InstallShield_{1FBF6C24-C1fD-4101-A42B-0C564F9E8E79}	10.0.5.3303	27.12.2017 9:05:43	28.01.2014	All Users (32-Bit)	C:\Program Files (x86)\CyberLink\Media Suite	CyberLink Corp.	"C:\Program Files (x86)\InstallShield Installation Information\{1FBF6C24-C1fD-4101-A42B-0C564F9E8E79}\Setup.exe" /z-uninstall				http://www.CyberLink.com		http://support.gocyberlink.com/	C:\SWSetup\CyberMS\			C:\Windows\Installer\{1FBF6C24-C1fD-4101-A42B-0C564F9E8E79}\ARPPRODUCTICON.exe		62 464 KB	No Modify, No Repair			HKEY_LOCAL_MACHINE\Software\Wow6432Node\Microsoft\Windows\CurrentVersion\Uninstall\InstallShield_{1FBF6C24-C1fD-4101-A42B-0C564F9E8E79}	
CyberLink Power2Go 8	InstallShield_{2A87D48D-3FDF-41fd-97CD-A1E370EFFFE2}	8.0.5.3416	27.12.2017 9:05:43	28.01.2014	All Users (32-Bit)	C:\Program Files (x86)\CyberLink\Power2Go8	CyberLink Corp.	"C:\Program Files (x86)\InstallShield Installation Information\{2A87D48D-3FDF-41fd-97CD-A1E370EFFFE2}\Setup.exe" /z-uninstall				http://www.CyberLink.com		http://support.gocyberlink.com/	C:\SWSetup\p2Go\			C:\Windows\Installer\{2A87D48D-3FDF-41fd-97CD-A1E370EFFFE2}\ARPPRODUCTICON.exe		414 720 KB	No Modify, No Repair			HKEY_LOCAL_MACHINE\Software\Wow6432Node\Microsoft\Windows\CurrentVersion\Uninstall\InstallShield_{2A87D48D-3FDF-41fd-97CD-A1E370EFFFE2}	
CyberLink PowerDVD 12	InstallShield_{B46BEA36-0B71-4A4E-AE41-87241643FA0A}	12.0.2.3418	27.12.2017 9:05:43	28.01.2014	All Users (32-Bit)	C:\Program Files (x86)\CyberLink\PowerDVD12	CyberLink Corp.	"C:\Program Files (x86)\InstallShield Installation Information\{B46BEA36-0B71-4A4E-AE41-87241643FA0A}\Setup.exe" /z-uninstall				http://www.CyberLink.com		http://support.gocyberlink.com/	C:\SWSetup\PWDVD12\			C:\Windows\Installer\{B46BEA36-0B71-4A4E-AE41-87241643FA0A}\ARPPRODUCTICON.exe		316 416 KB	No Modify, No Repair			HKEY_LOCAL_MACHINE\Software\Wow6432Node\Microsoft\Windows\CurrentVersion\Uninstall\InstallShield_{B46BEA36-0B71-4A4E-AE41-87241643FA0A}	
CyberLink LabelPrint	InstallShield_{C59C179C-668D-49A9-B6EA-0121CCFC1243}	2.5.5.6902	27.12.2017 9:05:43	28.01.2014	All Users (32-Bit)	C:\Program Files (x86)\CyberLink\LabelPrint\	CyberLink Corp.	"C:\Program Files (x86)\InstallShield Installation Information\{C59C179C-668D-49A9-B6EA-0121CCFC1243}\setup.exe" /z-uninstall				http://www.CyberLink.com		http://support.gocyberlink.com/	C:\SWSetup\CyberLP\			C:\Windows\Installer\{C59C179C-668D-49A9-B6EA-0121CCFC1243}\ARPPRODUCTICON.exe		286 752 KB				HKEY_LOCAL_MACHINE\Software\Wow6432Node\Microsoft\Windows\CurrentVersion\Uninstall\InstallShield_{C59C179C-668D-49A9-B6EA-0121CCFC1243}	
CyberLink PhotoDirector	InstallShield_{5A454EC5-217A-42a5-8CE1-2DDEC4E70E01}	5.0.5.6713	05.09.2018 20:21:07		All Users (32-Bit)	C:\Program Files\CyberLink\PhotoDirector	CyberLink Corp.	"C:\Program Files (x86)\InstallShield Installation Information\{5A454EC5-217A-42a5-8CE1-2DDEC4E70E01}\Setup.exe" /z-uninstall										c:\Windows\Installer\{5A454EC5-217A-42a5-8CE1-2DDEC4E70E01}\ARPPRODUCTICON.exe		449 536 KB	No Modify, No Repair			HKEY_LOCAL_MACHINE\Software\Wow6432Node\Microsoft\Windows\CurrentVersion\Uninstall\InstallShield_{5A454EC5-217A-42a5-8CE1-2DDEC4E70E01}	
CyberLink PowerDirector 12	InstallShield_{E1646825-D391-42A0-93AA-27FA810DA093}	12.0.4.4301	05.09.2018 20:21:07		All Users (32-Bit)	C:\Program Files\CyberLink\PowerDirector12	CyberLink Corp.	"C:\Program Files (x86)\InstallShield Installation Information\{E1646825-D391-42A0-93AA-27FA810DA093}\Setup.exe" /z-uninstall										c:\Windows\Installer\{E1646825-D391-42A0-93AA-27FA810DA093}\ARPPRODUCTICON.exe		936 960 KB	No Modify, No Repair			HKEY_LOCAL_MACHINE\Software\Wow6432Node\Microsoft\Windows\CurrentVersion\Uninstall\InstallShield_{E1646825-D391-42A0-93AA-27FA810DA093}	
	{5A454EC5-217A-42a5-8CE1-2DDEC4E70E01}	5.0.5.6713	05.09.2018 20:21:07		All Users (32-Bit)	C:\Program Files\CyberLink\PhotoDirector	CyberLink Corp.	"C:\Program Files (x86)\InstallShield Installation Information\{5A454EC5-217A-42a5-8CE1-2DDEC4E70E01}\Setup.exe" /z-uninstall		msiexec.exe /x {5A454EC5-217A-42a5-8CE1-2DDEC4E70E01} /qn						Windows Installer		C:\Program Files\CyberLink\PhotoDirector\PhotoDirector5.exe		449 536 KB				HKEY_LOCAL_MACHINE\Software\Wow6432Node\Microsoft\Windows\CurrentVersion\Uninstall\{5A454EC5-217A-42a5-8CE1-2DDEC4E70E01}	
CyberLink Power Media Player 14	{32C8E300-BDB4-4398-92C2-E9B7D8A233DB}	14.0.1.5418	05.09.2018 20:21:07		All Users (32-Bit)	C:\Program Files (x86)\CyberLink\PowerDVD14	CyberLink Corp.	C:\Program Files (x86)\NSIS Uninstall Information\{32C8E300-BDB4-4398-92C2-E9B7D8A233DB}\Setup.exe _?=C:\Program Files (x86)\NSIS Uninstall Information\{32C8E300-BDB4-4398-92C2-E9B7D8A233DB}		msiexec.exe /x {32C8E300-BDB4-4398-92C2-E9B7D8A233DB} /qn		http://www.cyberlink.com		http://www.cyberlink.com/support/index.html		Windows Installer		C:\Program Files (x86)\NSIS Uninstall Information\{32C8E300-BDB4-4398-92C2-E9B7D8A233DB}\Product.ico		472 064 KB				HKEY_LOCAL_MACHINE\Software\Wow6432Node\Microsoft\Windows\CurrentVersion\Uninstall\{32C8E300-BDB4-4398-92C2-E9B7D8A233DB}	
	{E1646825-D391-42A0-93AA-27FA810DA093}	12.0.4.4301	05.09.2018 20:21:07		All Users (32-Bit)	C:\Program Files\CyberLink\PowerDirector12	CyberLink Corp.	"C:\Program Files (x86)\InstallShield Installation Information\{E1646825-D391-42A0-93AA-27FA810DA093}\Setup.exe" /z-uninstall		msiexec.exe /x {E1646825-D391-42A0-93AA-27FA810DA093} /qn						Windows Installer		C:\Program Files\CyberLink\PowerDirector12\PDR12.exe		936 960 KB				HKEY_LOCAL_MACHINE\Software\Wow6432Node\Microsoft\Windows\CurrentVersion\Uninstall\{E1646825-D391-42A0-93AA-27FA810DA093}	

OEM Application Profile	{70D5F822-F4C4-33D9-7EEC-2A4AF4EA7BDC}	1.00.0000	28.01.2014 17:36:20	28.01.2014	All Users (32-Bit)	C:\Program Files (x86)\ATI Technologies\	Название организации	MsiExec.exe /X{70D5F822-F4C4-33D9-7EEC-2A4AF4EA7BDC}	MsiExec.exe /X{70D5F822-F4C4-33D9-7EEC-2A4AF4EA7BDC}	msiexec.exe /x {70D5F822-F4C4-33D9-7EEC-2A4AF4EA7BDC} /qn		http://www.AMD.com			C:\SWSetup\Drivers\VGA_KK_UMA\Packages\Apps\OEMAppProfiles\	Windows Installer				9 KB	No Modify, Windows Installer			HKEY_LOCAL_MACHINE\Software\Wow6432Node\Microsoft\Windows\CurrentVersion\Uninstall\{70D5F822-F4C4-33D9-7EEC-2A4AF4EA7BDC}	
Microsoft Office	{90150000-0138-0409-0000-0000000FF1CE}	15.0.4454.1510	07.11.2013 14:48:59	07.11.2013	All Users (32-Bit)		Microsoft Corporation	MsiExec.exe /X{90150000-0138-0409-0000-0000000FF1CE}	MsiExec.exe /X{90150000-0138-0409-0000-0000000FF1CE}	msiexec.exe /x {90150000-0138-0409-0000-0000000FF1CE} /qn					C:\ProgramData\Microsoft\OEMOffice15\OOBE\x86\	Windows Installer				303 365 KB	No Modify, Windows Installer	en-US		HKEY_LOCAL_MACHINE\Software\Wow6432Node\Microsoft\Windows\CurrentVersion\Uninstall\{90150000-0138-0409-0000-0000000FF1CE}	
Microsoft SQL Server 2005 Compact Edition [ENU]	{F0B430D1-B6AA-473D-9B06-AA3DD01FD0B8}	3.1.0000	07.11.2013 14:53:07	07.11.2013	All Users (32-Bit)	C:\Program Files (x86)\Microsoft SQL Server Compact Edition\	Microsoft Corporation	MsiExec.exe /I{F0B430D1-B6AA-473D-9B06-AA3DD01FD0B8}	MsiExec.exe /I{F0B430D1-B6AA-473D-9B06-AA3DD01FD0B8}	msiexec.exe /x {F0B430D1-B6AA-473D-9B06-AA3DD01FD0B8} /qn				http://www.microsoft.com/sql/everywhere	C:\Program Files (x86)\Common Files\Windows Live\.cache\71df38921cedba710\	Windows Installer				1 972 KB	Windows Installer	en-US		HKEY_LOCAL_MACHINE\Software\Wow6432Node\Microsoft\Windows\CurrentVersion\Uninstall\{F0B430D1-B6AA-473D-9B06-AA3DD01FD0B8}	
Основные компоненты Windows Live	WinLiveSuite	16.4.3508.0205	07.11.2013 14:53:22		All Users (32-Bit)	C:\Program Files (x86)\Windows Live\	Microsoft Corporation	C:\Program Files (x86)\Windows Live\Installer\wlarp.exe				http://explore.live.com/windows-live-essentials	http://explore.live.com/windows-live-essentials					C:\Program Files (x86)\Windows Live\Installer\wlarp.exe				ru-RU		HKEY_LOCAL_MACHINE\Software\Wow6432Node\Microsoft\Windows\CurrentVersion\Uninstall\WinLiveSuite	

7-Zip 9.20 (x64 edition)	{23170F69-40C1-2702-0920-000001000000}	9.20.00.0	07.11.2013 14:33:57	07.11.2013	All Users (64-Bit)		Igor Pavlov	MsiExec.exe /I{23170F69-40C1-2702-0920-000001000000}	MsiExec.exe /I{23170F69-40C1-2702-0920-000001000000}	msiexec.exe /x {23170F69-40C1-2702-0920-000001000000} /qn		http://www.7-zip.org/	http://www.7-zip.org/download.html	http://www.7-zip.org/support.html	C:\SwSetup\7ZIP\	Windows Installer				4 641 KB	Windows Installer	en-US		HKEY_LOCAL_MACHINE\Software\Microsoft\Windows\CurrentVersion\Uninstall\{23170F69-40C1-2702-0920-000001000000}	
Bonjour	{6E3610B2-430D-4EB0-81E3-2B57E8B9DE8D}	3.0.0.10	28.01.2014 17:43:48	28.01.2014	All Users (64-Bit)	C:\Program Files (x86)\Bonjour\	Apple Inc.	MsiExec.exe /X{6E3610B2-430D-4EB0-81E3-2B57E8B9DE8D}	MsiExec.exe /X{6E3610B2-430D-4EB0-81E3-2B57E8B9DE8D}	msiexec.exe /x {6E3610B2-430D-4EB0-81E3-2B57E8B9DE8D} /qn		http://www.apple.com	http://www.apple.com/ru/	http://www.apple.com/ru/support/	C:\Windows\system32\spool\DRIVERS\x64\3\	Windows Installer				2 052 KB	No Modify, Windows Installer	ru-RU		HKEY_LOCAL_MACHINE\Software\Microsoft\Windows\CurrentVersion\Uninstall\{6E3610B2-430D-4EB0-81E3-2B57E8B9DE8D}	
Adobe Shockwave Player 12.0	Adobe Shockwave Player	12.0.4.144	27.12.2017 9:05:43		All Users (32-Bit)	C:\windows\SysWOW64\Adobe	Adobe Systems, Inc.	"C:\windows\SysWOW64\Adobe\Shockwave 12\uninstaller.exe"				http://www.adobe.com	http://www.adobe.com/software/shockwaveplayer/index.html	http://www.adobe.com/support/shockwave				C:\windows\SysWOW64\Adobe\Shockwave 12\SwInit.exe						HKEY_LOCAL_MACHINE\Software\Wow6432Node\Microsoft\Windows\CurrentVersion\Uninstall\Adobe Shockwave Player	

Vulkan Run Time Libraries 1.0.11.1	VulkanRT1.0.11.1	1.0.11.1	30.05.17 03:29		All Users (64-Bit)	C:\Program Files (x86)\VulkanRT\1.0.11.1	LunarG, Inc.	C:\Program Files (x86)\VulkanRT\1.0.11.1\UninstallVulkanRT.exe										C:\Program Files (x86)\VulkanRT\1.0.11.1\V.ico		1 700 KB				HKEY_LOCAL_MACHINE\Software\Microsoft\Windows\CurrentVersion\Uninstall\VulkanRT1.0.11.1
Vulkan Run Time Libraries 1.0.33.0	VulkanRT1.0.33.0	1.0.33.0	22.06.2017 7:34:58		All Users (64-Bit)	C:\Program Files (x86)\VulkanRT\1.0.33.0	LunarG, Inc.	C:\Program Files (x86)\VulkanRT\1.0.33.0\UninstallVulkanRT.exe										C:\Program Files (x86)\VulkanRT\1.0.33.0\V.ico		1�700 KB				HKEY_LOCAL_MACHINE\Software\Microsoft\Windows\CurrentVersion\Uninstall\VulkanRT1.0.33.0
NVIDIA GeForce Experience 2.11.4.0	{B2FE1952-0186-46C3-BAEC-A80AA35AC5B8}_Display.GFExperience	2.11.4.0	30.05.17 03:31	29.05.17	All Users (64-Bit)	C:\Program Files (x86)\NVIDIA Corporation\NVIDIA GeForce Experience	NVIDIA Corporation	"C:\Windows\SysWOW64\RunDll32.EXE" "C:\Program Files\NVIDIA Corporation\Installer2\InstallerCore\NVI2.DLL",UninstallPackage Display.GFExperience							C:\Program Files\NVIDIA Corporation\Installer2\Display.GFExperience.{3F6E7384-5658-4DD9-80D0-91DA25B3DC67}			C:\Program Files\NVIDIA Corporation\Installer2\InstallerCore\NVI2.dll				ru-RU		HKEY_LOCAL_MACHINE\Software\Microsoft\Windows\CurrentVersion\Uninstall\{B2FE1952-0186-46C3-BAEC-A80AA35AC5B8}_Display.GFExperience

Cisco EAP-FAST Module	{64BF0187-F3D2-498B-99EA-163AF9AE6EC9}	2.2.14	22.06.2017 7:35:50	22.06.2017	All Users (32-Bit)	C:\Program Files (x86)\Cisco\Cisco EAP-FAST Module	Cisco Systems, Inc.	MsiExec.exe /I{64BF0187-F3D2-498B-99EA-163AF9AE6EC9}	MsiExec.exe /I{64BF0187-F3D2-498B-99EA-163AF9AE6EC9}	msiexec.exe /x {64BF0187-F3D2-498B-99EA-163AF9AE6EC9} /qn		www.cisco.com			C:\PROGRA~2\Realtek\PCIEWI~1\EAP\	Windows Installer				1�576 KB	Windows Installer	en-US		HKEY_LOCAL_MACHINE\Software\Wow6432Node\Microsoft\Windows\CurrentVersion\Uninstall\{64BF0187-F3D2-498B-99EA-163AF9AE6EC9}
Cisco LEAP Module	{AF312B06-5C5C-468E-89B3-BE6DE2645722}	1.0.19	22.06.2017 7:35:52	22.06.2017	All Users (32-Bit)	C:\Program Files (x86)\Cisco\Cisco LEAP Module	Cisco Systems, Inc.	MsiExec.exe /I{AF312B06-5C5C-468E-89B3-BE6DE2645722}	MsiExec.exe /I{AF312B06-5C5C-468E-89B3-BE6DE2645722}	msiexec.exe /x {AF312B06-5C5C-468E-89B3-BE6DE2645722} /qn		www.cisco.com			C:\PROGRA~2\Realtek\PCIEWI~1\EAP\	Windows Installer				632 KB	Windows Installer	en-US		HKEY_LOCAL_MACHINE\Software\Wow6432Node\Microsoft\Windows\CurrentVersion\Uninstall\{AF312B06-5C5C-468E-89B3-BE6DE2645722}
Cisco PEAP Module	{0A4EF0E6-A912-4CDE-A7F3-6E56E7C13A2F}	1.1.6	22.06.2017 7:35:51	22.06.2017	All Users (32-Bit)	C:\Program Files (x86)\Cisco\Cisco PEAP Module	Cisco Systems, Inc.	MsiExec.exe /I{0A4EF0E6-A912-4CDE-A7F3-6E56E7C13A2F}	MsiExec.exe /I{0A4EF0E6-A912-4CDE-A7F3-6E56E7C13A2F}	msiexec.exe /x {0A4EF0E6-A912-4CDE-A7F3-6E56E7C13A2F} /qn		www.cisco.com			C:\PROGRA~2\Realtek\PCIEWI~1\EAP\	Windows Installer				1�252 KB	Windows Installer	en-US		HKEY_LOCAL_MACHINE\Software\Wow6432Node\Microsoft\Windows\CurrentVersion\Uninstall\{0A4EF0E6-A912-4CDE-A7F3-6E56E7C13A2F}
